Words,Times
the,224
in,171
and,171
of,162
to,95
a,77
for,69
is,65
by,51
J.P.,50
as,49
March,47
Prime,44
Brokerage,44
with,43
or,43
The,42
not,40
are,36
be,31
Neutral,31
this,28
on,28
was,27
Morgan’s,27
only.,25
This,24
have,24
Morgan,24
short,23
hedge,23
may,22
that,22
U.S.,21
at,21
2015,21
any,20
an,20
Hedge,19
Market,19
Global,18
Source:,18
Equity,18
fund,18
funds,18
exposure,18
ETF,17
Research,17
strategies,17
For,17
Figure,17
provided,17
from,17
S&P,17
500,16
intended,16
–,16
Investor,15
JPMorgan,15
Index,15
market,14
Institutional,14
Fund,14
Material,14
US,14
net,13
Gross,13
has,13
product,13
It,13
Change,13
business,13
Income,13
its,13
activity,13
Fixed,13
purposes,13
informational,13
managers,12
investors,12
Securities,12
period,12
Departments.,12
leverage,12
high,12
long,12
which,12
material,12
but,12
reference,11
recipients,11
also,11
sector,11
stated.,11
publication,11
unless,11
otherwise,11
interest,11
Trends,10
In,10
